DELETE FROM cel_roles;
DELETE FROM cel_participant_roles;
DELETE FROM cel_signups;

INSERT INTO `cel_roles` (`role_id`, `description`, `default_order`, `default_pid`) VALUES
(1, 'Preacher', 10, NULL),
(2, 'Celebrant', 20, NULL),
(3, 'LEM', 30, NULL),
(4, 'Lector', 40, NULL),
(5, 'Acolyte', 50, NULL),
(6, 'Usher', 60, NULL),
(7, 'Coffee Hour Host', 70, NULL),
(8, 'Nursery', 80, NULL),
(9, 'PreK Sunday School', 90, NULL),
(10, '1st-3rd Sunday School', 100, NULL),
(11, '4th-6th Sunday School', 110, NULL),
(12, 'Gateway', 120, NULL);

INSERT INTO `cel_participant_roles` (`p_id`, `role_id`) VALUES
(8, 1),
(8, 2),
(2, 1),
(2, 3),
(2, 4),
(2, 5),
(2, 12),
(553, 1),
(553, 2),
(9, 4),
(12, 5),
(41, 3),
(41, 5),
(86, 3),
(86, 4),
(59, 3),
(59, 4),
(115, 4),
(115, 6),
(317, 3),
(148, 3),
(356, 4),
(32, 4),
(321, 4),
(198, 5),
(209, 5),
(296, 5),
(353, 4),
(564, 4),
(579, 6),
(137, 6);


INSERT INTO `cel_signups` (`date_id`, `p_id`, `role_id`) VALUES
(1, 8, 1),
(2, 8, 1),
(3, NULL, 1),
(4, NULL, 1),
(5, 8, 1),
(6, 8, 1),
(7, 8, 1),
(8, 8, 1),
(159, 8, 1),
(158, 8, 1),
(9, NULL, 1),
(10, 8, 1),
(11, 8, 1),
(12, 8, 1),
(1, 8, 2),
(2, 8, 2),
(3, 8, 2),
(4, 8, 2),
(5, 8, 2),
(6, 8, 2),
(7, 8, 2),
(8, 8, 2),
(159, 8, 2),
(158, 8, 2),
(9, 8, 2),
(10, 8, 2),
(11, 8, 2),
(12, 8, 2),
(1, 317, 3),
(2, 2, 3),
(3, NULL, 3),
(4, 86, 3),
(5, 59, 3),
(6, NULL, 3),
(7, NULL, 3),
(8, NULL, 3),
(159, NULL, 3),
(158, NULL, 3),
(9, NULL, 3),
(10, NULL, 3),
(11, NULL, 3),
(12, NULL, 3),
(1, 32, 4),
(2, 321, 4),
(3, NULL, 4),
(4, 356, 4),
(5, 59, 4),
(6, NULL, 4),
(7, NULL, 4),
(8, NULL, 4),
(159, NULL, 4),
(158, NULL, 4),
(9, NULL, 4),
(10, NULL, 4),
(11, NULL, 4),
(12, NULL, 4);


